instanceID,ts_start,ts_end,duration,status,code,message,comment,contractCategory,iecCategory
LLY_WTG21,31-Dec-2017 21:17:58,02-Jan-2018 14:58:55,41:40:57,stop,11,RPM Rotor Max limit exceeded,visual inspection carried out and turbine manualy reset,Unscheduled Maintenance - Rotor or Blades,<undefined>
LLY_WTG21,02-Jan-2018 14:56:24,02-Jan-2018 15:55:13,00:58:49,warning,50001,No communication  ,,<undefined>,<undefined>
LLY_WTG21,20-Jan-2018 13:38:02,21-Jan-2018 10:52:13,21:14:11,warning,50001,No communication  ,,<undefined>,<undefined>
LLY_WTG21,25-Jan-2018 08:00:00,25-Jan-2018 10:43:30,02:43:30,communication,9997,Data communication unavailable,,<undefined>,Information Unavailable
LLY_WTG21,26-Jan-2018 15:30:48,26-Jan-2018 16:05:48,00:35:00,warning,50001,No communication  ,,<undefined>,<undefined>
LLY_WTG21,26-Jan-2018 16:47:05,26-Jan-2018 16:58:36,00:11:31,warning,50001,No communication  ,,<undefined>,<undefined>
LLY_WTG21,29-Jan-2018 23:45:59,30-Jan-2018 17:58:16,18:12:17,warning,50001,No communication  ,,<undefined>,<undefined>
LLY_WTG21,31-Jan-2018 10:35:41,31-Jan-2018 14:57:57,04:22:16,stop,22,Remote manual stop,,HV - Internal Unplanned outage,<undefined>
LLY_WTG21,31-Jan-2018 10:45:46,31-Jan-2018 14:31:42,03:45:56,warning,50001,No communication  ,,<undefined>,<undefined>
LLY_WTG21,02-Mar-2018 04:13:37,02-Mar-2018 13:38:53,09:25:16,stop,90,Windpseed too high to operate,"Awaiting reset when wind speeds allow, windspeeds too high to reset 02/03 07:40",Weather - High winds,<undefined>
LLY_WTG21,02-Mar-2018 13:53:59,02-Mar-2018 14:07:59,00:14:00,warning,50001,No communication  ,,<undefined>,<undefined>
LLY_WTG21,02-Mar-2018 13:53:59,02-Mar-2018 14:07:59,00:14:00,warning,50001,No communication  ,,<undefined>,<undefined>
LLY_WTG21,02-Mar-2018 13:53:59,02-Mar-2018 14:07:59,00:14:00,warning,50001,No communication  ,,<undefined>,<undefined>
LLY_WTG21,02-Mar-2018 13:53:59,02-Mar-2018 14:07:59,00:14:00,warning,50001,No communication  ,,<undefined>,<undefined>
LLY_WTG21,02-Mar-2018 21:25:20,06-Mar-2018 16:43:48,91:18:28,stop,20,LS Hyd pumping time too long,"Requires new Hydraulic Resevoir, a new hydraulic reservoir was fitted on the 6/3/18 also while turbine was offline the e-stop in the yaw section was replaced and the nacelle door ram switch box was replaced",Unscheduled Maintenance - Hydraulic System,<undefined>
LLY_WTG21,03-Mar-2018 15:28:58,06-Mar-2018 14:31:51,71:02:53,warning,50001,No communication  ,,<undefined>,<undefined>
LLY_WTG21,05-Mar-2018 14:10:00,05-Mar-2018 16:23:18,02:13:18,communication,9997,Data communication unavailable,,<undefined>,Information Unavailable
LLY_WTG21,06-Mar-2018 14:33:59,06-Mar-2018 17:33:21,02:59:22,warning,50001,No communication  ,,<undefined>,<undefined>
LLY_WTG21,06-Mar-2018 16:49:39,06-Mar-2018 16:49:54,00:00:15,stop,21,Manual stop,UF20 Hydraulic error ,Unscheduled Maintenance - Hydraulic System,<undefined>
LLY_WTG21,06-Mar-2018 16:52:32,06-Mar-2018 16:56:56,00:04:24,stop,21,Manual stop,UF20 Hydraulic error ,Unscheduled Maintenance - Hydraulic System,<undefined>
LLY_WTG21,06-Mar-2018 17:02:45,06-Mar-2018 17:25:05,00:22:20,stop,21,Manual stop,UF20 Hydraulic error ,Unscheduled Maintenance - Hydraulic System,<undefined>
LLY_WTG21,07-Mar-2018 15:26:48,07-Mar-2018 16:47:18,01:20:30,stop,21,Manual stop,Replacing e-stop,Unscheduled Maintenance - Electrical System,<undefined>
LLY_WTG21,07-Mar-2018 15:29:05,07-Mar-2018 16:14:42,00:45:37,warning,50001,No communication  ,,<undefined>,<undefined>
LLY_WTG21,07-Mar-2018 15:29:05,07-Mar-2018 16:14:42,00:45:37,warning,50001,No communication  ,,<undefined>,<undefined>
LLY_WTG21,07-Mar-2018 16:16:25,07-Mar-2018 16:48:17,00:31:52,warning,50001,No communication  ,,<undefined>,<undefined>
LLY_WTG21,07-Mar-2018 16:16:25,07-Mar-2018 16:48:17,00:31:52,warning,50001,No communication  ,,<undefined>,<undefined>
LLY_WTG21,07-Mar-2018 16:16:25,07-Mar-2018 16:48:17,00:31:52,warning,50001,No communication  ,,<undefined>,<undefined>
LLY_WTG21,07-Mar-2018 16:16:25,07-Mar-2018 16:48:17,00:31:52,warning,50001,No communication  ,,<undefined>,<undefined>
LLY_WTG21,08-Mar-2018 13:22:11,08-Mar-2018 13:30:00,00:07:49,warning,50001,No communication  ,,<undefined>,<undefined>
LLY_WTG21,08-Mar-2018 13:22:11,08-Mar-2018 13:30:00,00:07:49,warning,50001,No communication  ,,<undefined>,<undefined>
LLY_WTG21,08-Mar-2018 13:22:11,08-Mar-2018 13:30:00,00:07:49,warning,50001,No communication  ,,<undefined>,<undefined>
LLY_WTG21,08-Mar-2018 13:22:11,08-Mar-2018 13:30:00,00:07:49,warning,50001,No communication  ,,<undefined>,<undefined>
LLY_WTG21,08-Mar-2018 13:22:11,08-Mar-2018 13:30:00,00:07:49,warning,50001,No communication  ,,<undefined>,<undefined>
LLY_WTG21,08-Mar-2018 13:22:11,08-Mar-2018 13:30:00,00:07:49,warning,50001,No communication  ,,<undefined>,<undefined>
LLY_WTG21,08-Mar-2018 13:22:11,08-Mar-2018 13:30:00,00:07:49,warning,50001,No communication  ,,<undefined>,<undefined>
LLY_WTG21,08-Mar-2018 13:22:11,08-Mar-2018 13:30:00,00:07:49,warning,50001,No communication  ,,<undefined>,<undefined>
LLY_WTG21,08-Mar-2018 13:22:11,08-Mar-2018 13:30:00,00:07:49,warning,50001,No communication  ,,<undefined>,<undefined>
LLY_WTG21,08-Mar-2018 13:59:53,08-Mar-2018 14:00:26,00:00:33,warning,50001,No communication  ,,<undefined>,<undefined>
LLY_WTG21,08-Mar-2018 13:59:53,08-Mar-2018 14:00:26,00:00:33,warning,50001,No communication  ,,<undefined>,<undefined>
LLY_WTG21,08-Mar-2018 13:59:53,08-Mar-2018 14:00:26,00:00:33,warning,50001,No communication  ,,<undefined>,<undefined>
LLY_WTG21,08-Mar-2018 13:59:53,08-Mar-2018 14:00:26,00:00:33,warning,50001,No communication  ,,<undefined>,<undefined>
LLY_WTG21,08-Mar-2018 13:59:53,08-Mar-2018 14:00:26,00:00:33,warning,50001,No communication  ,,<undefined>,<undefined>
LLY_WTG21,08-Mar-2018 13:59:53,08-Mar-2018 14:00:26,00:00:33,warning,50001,No communication  ,,<undefined>,<undefined>
LLY_WTG21,08-Mar-2018 13:59:53,08-Mar-2018 14:00:26,00:00:33,warning,50001,No communication  ,,<undefined>,<undefined>
LLY_WTG21,08-Mar-2018 13:59:53,08-Mar-2018 14:00:26,00:00:33,warning,50001,No communication  ,,<undefined>,<undefined>
LLY_WTG21,08-Mar-2018 13:59:53,08-Mar-2018 14:00:26,00:00:33,warning,50001,No communication  ,,<undefined>,<undefined>
LLY_WTG21,08-Mar-2018 13:59:53,08-Mar-2018 14:00:26,00:00:33,warning,50001,No communication  ,,<undefined>,<undefined>
LLY_WTG21,08-Mar-2018 13:59:53,08-Mar-2018 14:00:26,00:00:33,warning,50001,No communication  ,,<undefined>,<undefined>
LLY_WTG21,08-Mar-2018 16:55:46,08-Mar-2018 16:56:19,00:00:33,warning,50001,No communication  ,,<undefined>,<undefined>
LLY_WTG21,08-Mar-2018 16:55:46,08-Mar-2018 16:56:19,00:00:33,warning,50001,No communication  ,,<undefined>,<undefined>
LLY_WTG21,08-Mar-2018 16:55:46,08-Mar-2018 16:56:19,00:00:33,warning,50001,No communication  ,,<undefined>,<undefined>
LLY_WTG21,08-Mar-2018 16:55:46,08-Mar-2018 16:56:19,00:00:33,warning,50001,No communication  ,,<undefined>,<undefined>
LLY_WTG21,08-Mar-2018 16:55:46,08-Mar-2018 16:56:19,00:00:33,warning,50001,No communication  ,,<undefined>,<undefined>
LLY_WTG21,08-Mar-2018 16:55:46,08-Mar-2018 16:56:19,00:00:33,warning,50001,No communication  ,,<undefined>,<undefined>
LLY_WTG21,08-Mar-2018 16:55:46,08-Mar-2018 16:56:19,00:00:33,warning,50001,No communication  ,,<undefined>,<undefined>
LLY_WTG21,08-Mar-2018 16:55:46,08-Mar-2018 16:56:19,00:00:33,warning,50001,No communication  ,,<undefined>,<undefined>
LLY_WTG21,08-Mar-2018 16:55:46,08-Mar-2018 16:56:19,00:00:33,warning,50001,No communication  ,,<undefined>,<undefined>
LLY_WTG21,08-Mar-2018 16:55:46,08-Mar-2018 16:56:19,00:00:33,warning,50001,No communication  ,,<undefined>,<undefined>
LLY_WTG21,08-Mar-2018 16:55:46,08-Mar-2018 16:56:19,00:00:33,warning,50001,No communication  ,,<undefined>,<undefined>
LLY_WTG21,12-Mar-2018 11:37:44,12-Mar-2018 20:16:44,08:39:00,stop,22,Remote manual stop,Remote stop for HV Maintenance,HV - Internal Planned outage,<undefined>
LLY_WTG21,12-Mar-2018 14:22:39,12-Mar-2018 17:07:06,02:44:27,warning,50001,No communication  ,,<undefined>,<undefined>
LLY_WTG21,13-Mar-2018 06:31:51,13-Mar-2018 06:45:43,00:13:52,warning,50001,No communication  ,,<undefined>,<undefined>
LLY_WTG21,13-Mar-2018 09:22:20,13-Mar-2018 13:54:58,04:32:38,stop,22,Remote manual stop,Transformer Oil top ups,HV - Internal Unplanned outage,<undefined>
LLY_WTG21,13-Mar-2018 09:30:16,13-Mar-2018 13:37:00,04:06:44,warning,50001,No communication  ,,<undefined>,<undefined>
LLY_WTG21,18-Mar-2018 21:05:49,18-Mar-2018 21:20:05,00:14:16,warning,50001,No communication  ,,<undefined>,<undefined>
LLY_WTG21,26-Mar-2018 05:11:44,26-Mar-2018 05:24:06,00:12:22,stop,94,Stopped untwisting cables,,Cable Unwind,<undefined>
LLY_WTG21,26-Mar-2018 09:28:55,26-Mar-2018 09:30:06,00:01:11,warning,50001,No communication  ,,<undefined>,<undefined>
LLY_WTG21,26-Mar-2018 10:45:27,26-Mar-2018 11:06:42,00:21:15,warning,50001,No communication  ,,<undefined>,<undefined>
LLY_WTG21,26-Mar-2018 13:17:12,26-Mar-2018 13:28:37,00:11:25,stop,21,Manual stop,Nacelle visual inspections,Unscheduled Maintenance - Structure,<undefined>
LLY_WTG21,26-Mar-2018 13:19:05,26-Mar-2018 13:29:18,00:10:13,warning,50001,No communication  ,,<undefined>,<undefined>
LLY_WTG21,08-Apr-2018 16:33:34,08-Apr-2018 16:46:00,00:12:26,stop,94,Stopped untwisting cables,,Cable Unwind,<undefined>
LLY_WTG21,15-Apr-2018 11:29:36,16-Apr-2018 11:00:00,23:30:24,stop,23,Low Noise Stop Level 3,Confirmed via SCADA that turbine was back in run at 12:00 - 16/04 - Stop manually ended to reflect this - 16/04/18 - CP,Normal Operation,<undefined>
LLY_WTG21,16-Apr-2018 10:58:07,16-Apr-2018 11:28:28,00:30:21,warning,50001,No communication  ,,<undefined>,<undefined>
LLY_WTG21,17-Apr-2018 10:27:38,17-Apr-2018 10:30:37,00:02:59,warning,50001,No communication  ,,<undefined>,<undefined>
LLY_WTG21,17-Apr-2018 10:37:04,17-Apr-2018 10:37:35,00:00:31,warning,50001,No communication  ,,<undefined>,<undefined>
LLY_WTG21,19-Apr-2018 12:40:55,19-Apr-2018 12:44:17,00:03:22,warning,50001,No communication  ,,<undefined>,<undefined>
LLY_WTG21,10-May-2018 11:01:30,10-May-2018 14:11:50,03:10:20,stop,1,Vibration Sensor Activated,DWT aware and are attending fault today 10/05,Unscheduled Maintenance - Sensors,<undefined>
LLY_WTG21,10-May-2018 14:13:42,10-May-2018 14:18:05,00:04:23,warning,50001,No communication  ,,<undefined>,<undefined>
LLY_WTG21,21-May-2018 14:07:56,21-May-2018 14:20:11,00:12:15,warning,50001,No communication  ,,<undefined>,<undefined>
LLY_WTG21,21-May-2018 21:24:33,21-May-2018 21:34:33,00:10:00,stop,52,Frequency on mains too high,,Unscheduled Maintenance - Electrical System,<undefined>
LLY_WTG21,21-May-2018 21:38:56,21-May-2018 21:48:56,00:10:00,stop,52,Frequency on mains too high,,Unscheduled Maintenance - Electrical System,<undefined>
LLY_WTG21,21-May-2018 21:52:55,22-May-2018 10:21:43,12:28:48,stop,16,Control voltage drop,DWT Aware - En Route to site,Unscheduled Maintenance - Electrical System,<undefined>
LLY_WTG21,22-May-2018 10:10:26,22-May-2018 10:19:58,00:09:32,warning,50001,No communication  ,,<undefined>,<undefined>
LLY_WTG21,22-May-2018 10:21:38,22-May-2018 14:08:17,03:46:39,warning,50001,No communication  ,,<undefined>,<undefined>
LLY_WTG21,22-May-2018 10:25:18,22-May-2018 12:55:37,02:30:19,stop,92,Emergency switch activated,,Scheduled Maintenance - Servicing (major and minor),<undefined>
LLY_WTG21,22-May-2018 13:02:57,22-May-2018 13:22:16,00:19:19,stop,21,Manual stop,,Scheduled Maintenance - Servicing (major and minor),<undefined>
LLY_WTG21,05-Jun-2018 10:32:12,05-Jun-2018 10:40:10,00:07:58,warning,50001,No communication  ,,<undefined>,<undefined>
LLY_WTG21,06-Jun-2018 02:28:03,06-Jun-2018 02:53:24,00:25:21,stop,51,Low lower voltage exceeded,,Unscheduled Maintenance - Electrical System,<undefined>
LLY_WTG21,07-Jun-2018 12:59:57,07-Jun-2018 13:32:01,00:32:04,warning,50001,No communication  ,,<undefined>,<undefined>
LLY_WTG21,15-Jun-2018 00:01:21,15-Jun-2018 09:59:05,09:57:44,warning,50001,No communication  ,,<undefined>,<undefined>
LLY_WTG21,24-Jun-2018 10:03:21,24-Jun-2018 10:15:40,00:12:19,stop,94,Stopped untwisting cables,,Cable Unwind,<undefined>
LLY_WTG21,25-Jun-2018 13:14:25,25-Jun-2018 13:39:57,00:25:32,stop,51,Low lower voltage exceeded,Voltage fault following grid trip,Grid - External Unplanned outage,<undefined>
LLY_WTG21,25-Jun-2018 13:16:07,25-Jun-2018 13:30:15,00:14:08,warning,50001,No communication  ,,<undefined>,<undefined>
LLY_WTG21,26-Jun-2018 10:11:29,26-Jun-2018 11:12:48,01:01:19,warning,50001,No communication  ,,<undefined>,<undefined>
LLY_WTG21,27-Jun-2018 10:06:40,27-Jun-2018 10:09:21,00:02:41,warning,50001,No communication  ,,<undefined>,<undefined>
LLY_WTG21,27-Jun-2018 10:50:00,27-Jun-2018 11:01:20,00:11:20,warning,50001,No communication  ,,<undefined>,<undefined>
LLY_WTG21,28-Jun-2018 08:25:28,28-Jun-2018 13:26:36,05:01:08,stop,22,Remote manual stop,Stopped for TX Replacement on T17,HV - Internal Unplanned outage,<undefined>
LLY_WTG21,28-Jun-2018 09:04:34,28-Jun-2018 12:52:30,03:47:56,warning,50001,No communication  ,,<undefined>,<undefined>
LLY_WTG21,02-Jul-2018 10:48:20,02-Jul-2018 10:59:26,00:11:06,warning,50001,No communication  ,,<undefined>,<undefined>
LLY_WTG21,02-Jul-2018 14:30:00,03-Jul-2018 08:44:24,18:14:24,communication,9997,Data communication unavailable,,<undefined>,Information Unavailable
LLY_WTG21,03-Jul-2018 09:00:00,03-Jul-2018 12:53:30,03:53:30,communication,9997,Data communication unavailable,,<undefined>,Information Unavailable
LLY_WTG21,19-Jul-2018 08:52:35,19-Jul-2018 09:23:52,00:31:17,stop,21,Manual stop,,Owner - Statutory inspections,<undefined>
LLY_WTG21,19-Jul-2018 08:53:28,19-Jul-2018 09:24:43,00:31:15,warning,50001,No communication  ,,<undefined>,<undefined>
LLY_WTG21,19-Jul-2018 10:32:09,19-Jul-2018 11:42:31,01:10:22,warning,50001,No communication  ,,<undefined>,<undefined>
LLY_WTG21,20-Jul-2018 07:14:34,20-Jul-2018 07:26:58,00:12:24,stop,94,Stopped untwisting cables,,Cable Unwind,<undefined>
LLY_WTG21,26-Jul-2018 10:44:50,26-Jul-2018 11:05:25,00:20:35,warning,50001,No communication  ,,<undefined>,<undefined>
LLY_WTG21,01-Aug-2018 09:21:17,01-Aug-2018 09:21:48,00:00:31,warning,50001,No communication  ,,<undefined>,<undefined>
LLY_WTG21,02-Aug-2018 11:03:04,02-Aug-2018 12:03:19,01:00:15,warning,50001,No communication  ,,<undefined>,<undefined>
LLY_WTG21,03-Aug-2018 10:40:00,03-Aug-2018 15:15:39,04:35:39,communication,9997,Data communication unavailable,,<undefined>,Information Unavailable
LLY_WTG21,07-Aug-2018 13:05:36,07-Aug-2018 13:32:56,00:27:20,warning,50001,No communication  ,,<undefined>,<undefined>
LLY_WTG21,07-Aug-2018 14:11:06,07-Aug-2018 14:29:18,00:18:12,warning,50001,No communication  ,,<undefined>,<undefined>
LLY_WTG21,15-Aug-2018 10:44:55,15-Aug-2018 10:49:13,00:04:18,warning,50001,No communication  ,,<undefined>,<undefined>
LLY_WTG21,22-Aug-2018 12:45:27,22-Aug-2018 14:14:26,01:28:59,warning,50001,No communication  ,,<undefined>,<undefined>
LLY_WTG21,28-Aug-2018 10:55:11,28-Aug-2018 11:07:41,00:12:30,warning,50001,No communication  ,,<undefined>,<undefined>
LLY_WTG21,29-Aug-2018 14:32:14,29-Aug-2018 14:58:33,00:26:19,warning,50001,No communication  ,,<undefined>,<undefined>
LLY_WTG21,29-Aug-2018 15:01:33,29-Aug-2018 15:19:39,00:18:06,warning,50001,No communication  ,,<undefined>,<undefined>
LLY_WTG21,03-Sep-2018 02:35:34,03-Sep-2018 02:48:11,00:12:37,stop,94,Stopped untwisting cables,,Cable Unwind,<undefined>
LLY_WTG21,03-Sep-2018 11:38:10,03-Sep-2018 11:46:12,00:08:02,warning,50001,No communication  ,,<undefined>,<undefined>
LLY_WTG21,04-Sep-2018 09:22:54,04-Sep-2018 15:45:22,06:22:28,warning,50001,No communication  ,,<undefined>,<undefined>
LLY_WTG21,04-Sep-2018 10:29:42,04-Sep-2018 15:03:00,04:33:18,stop,16,Control voltage drop,,Unscheduled Maintenance - Electrical System,<undefined>
LLY_WTG21,05-Sep-2018 11:44:02,05-Sep-2018 14:48:35,03:04:33,stop,22,Remote manual stop,,Grid - External Planned outage,<undefined>
LLY_WTG21,05-Sep-2018 12:05:22,05-Sep-2018 14:39:02,02:33:40,warning,50001,No communication  ,,<undefined>,<undefined>
LLY_WTG21,05-Sep-2018 19:11:25,05-Sep-2018 19:36:47,00:25:22,stop,53,Frequency on mains too low,,Grid - External Planned outage,<undefined>
LLY_WTG21,06-Sep-2018 08:01:26,09-Sep-2018 18:49:58,82:48:32,stop,53,Frequency on mains too low,DNO - Volatge TX failure,Grid - External Unplanned outage,<undefined>
LLY_WTG21,06-Sep-2018 08:03:11,09-Sep-2018 18:47:48,82:44:37,warning,50001,No communication  ,,<undefined>,<undefined>
LLY_WTG21,11-Sep-2018 09:55:07,11-Sep-2018 09:58:44,00:03:37,warning,50001,No communication  ,,<undefined>,<undefined>
LLY_WTG21,11-Sep-2018 10:01:42,11-Sep-2018 10:02:54,00:01:12,warning,50001,No communication  ,,<undefined>,<undefined>
LLY_WTG21,16-Sep-2018 11:20:28,16-Sep-2018 11:21:39,00:01:11,warning,50001,No communication  ,,<undefined>,<undefined>
LLY_WTG21,18-Sep-2018 15:07:38,18-Sep-2018 17:03:40,01:56:02,warning,50001,No communication  ,,<undefined>,<undefined>
LLY_WTG21,21-Sep-2018 16:48:10,21-Sep-2018 17:13:29,00:25:19,stop,52,Frequency on mains too high,"Unplanned grid outage for 25 minutes. If stop lasted longer than 25 minutes, will need to be splitout accordingly. ",Grid - External Unplanned outage,<undefined>
LLY_WTG21,21-Sep-2018 16:49:54,21-Sep-2018 17:04:04,00:14:10,warning,50001,No communication  ,,<undefined>,<undefined>
LLY_WTG21,24-Sep-2018 10:35:12,24-Sep-2018 15:29:10,04:53:58,stop,22,Remote manual stop,Remote Stop to isolate T25 for TX Replacement,HV - Internal Planned outage,<undefined>
LLY_WTG21,24-Sep-2018 10:57:43,24-Sep-2018 14:50:50,03:53:07,warning,50001,No communication  ,,<undefined>,<undefined>
LLY_WTG21,30-Sep-2018 08:13:19,30-Sep-2018 08:38:37,00:25:18,stop,51,Low lower voltage exceeded,,Unscheduled Maintenance - Electrical System,<undefined>
LLY_WTG21,02-Oct-2018 14:04:33,02-Oct-2018 14:17:30,00:12:57,warning,50001,No communication  ,,<undefined>,<undefined>
LLY_WTG21,04-Oct-2018 10:04:09,04-Oct-2018 11:03:36,00:59:27,warning,50001,No communication  ,,<undefined>,<undefined>
LLY_WTG21,09-Oct-2018 13:07:29,09-Oct-2018 13:08:01,00:00:32,warning,50001,No communication  ,,<undefined>,<undefined>
LLY_WTG21,10-Oct-2018 10:24:13,10-Oct-2018 12:43:38,02:19:25,stop,21,Manual stop,Gear Oil change,Unscheduled Maintenance - Gearbox,<undefined>
LLY_WTG21,10-Oct-2018 10:25:51,10-Oct-2018 18:29:29,08:03:38,warning,50001,No communication  ,,<undefined>,<undefined>
LLY_WTG21,10-Oct-2018 12:51:48,10-Oct-2018 12:52:07,00:00:19,stop,21,Manual stop,Gear Oil change,Unscheduled Maintenance - Gearbox,<undefined>
LLY_WTG21,10-Oct-2018 12:54:14,10-Oct-2018 13:42:29,00:48:15,stop,21,Manual stop,Gear Oil change,Unscheduled Maintenance - Gearbox,<undefined>
LLY_WTG21,17-Oct-2018 00:43:09,17-Oct-2018 00:55:51,00:12:42,stop,94,Stopped untwisting cables,,Cable Unwind,<undefined>
LLY_WTG21,20-Oct-2018 04:44:07,20-Oct-2018 09:53:29,05:09:22,stop,31,Gear oil cold or superheated,,Unscheduled Maintenance - Gearbox,<undefined>
LLY_WTG21,25-Oct-2018 20:35:14,25-Oct-2018 20:45:14,00:10:00,stop,52,Frequency on mains too high,,Unscheduled Maintenance - Electrical System,<undefined>
LLY_WTG21,26-Oct-2018 09:58:29,26-Oct-2018 10:05:16,00:06:47,warning,50001,No communication  ,,<undefined>,<undefined>
LLY_WTG21,12-Nov-2018 18:24:50,12-Nov-2018 18:50:09,00:25:19,stop,52,Frequency on mains too high,Grid trip,Grid - External Unplanned outage,<undefined>
LLY_WTG21,12-Nov-2018 18:26:37,12-Nov-2018 18:40:39,00:14:02,warning,50001,No communication  ,,<undefined>,<undefined>
LLY_WTG21,15-Nov-2018 15:01:20,15-Nov-2018 15:03:51,00:02:31,warning,50001,No communication  ,,<undefined>,<undefined>
LLY_WTG21,18-Nov-2018 22:30:01,19-Nov-2018 11:02:38,12:32:37,stop,11,RPM Rotor Max limit exceeded,,Unscheduled Maintenance - Rotor or Blades,<undefined>
LLY_WTG21,19-Nov-2018 11:04:24,19-Nov-2018 15:07:46,04:03:22,warning,50001,No communication  ,,<undefined>,<undefined>
LLY_WTG21,19-Nov-2018 11:50:52,19-Nov-2018 13:41:24,01:50:32,stop,21,Manual stop,,Unscheduled Maintenance - Sensors,<undefined>
LLY_WTG21,19-Nov-2018 13:42:27,19-Nov-2018 14:38:42,00:56:15,stop,21,Manual stop,,Unscheduled Maintenance - Sensors,<undefined>
LLY_WTG21,19-Nov-2018 14:42:46,19-Nov-2018 14:59:56,00:17:10,stop,92,Emergency switch activated,,Unscheduled Maintenance - Sensors,<undefined>
LLY_WTG21,19-Nov-2018 15:03:41,19-Nov-2018 15:07:53,00:04:12,stop,21,Manual stop,,Unscheduled Maintenance - Sensors,<undefined>
LLY_WTG21,23-Nov-2018 12:59:09,23-Nov-2018 13:09:09,00:10:00,stop,52,Frequency on mains too high,,Unscheduled Maintenance - Electrical System,<undefined>
LLY_WTG21,28-Nov-2018 16:39:25,28-Nov-2018 17:04:44,00:25:19,stop,53,Frequency on mains too low,,Grid - External Unplanned outage,<undefined>
LLY_WTG21,03-Dec-2018 15:19:26,03-Dec-2018 15:25:37,00:06:11,warning,50001,No communication  ,,<undefined>,<undefined>
LLY_WTG21,03-Dec-2018 15:27:20,03-Dec-2018 15:29:08,00:01:48,warning,50001,No communication  ,,<undefined>,<undefined>
LLY_WTG21,03-Dec-2018 15:30:53,03-Dec-2018 15:32:34,00:01:41,warning,50001,No communication  ,,<undefined>,<undefined>
LLY_WTG21,06-Dec-2018 11:48:22,06-Dec-2018 11:49:31,00:01:09,warning,50001,No communication  ,,<undefined>,<undefined>
LLY_WTG21,18-Dec-2018 23:15:59,18-Dec-2018 23:41:20,00:25:21,stop,52,Frequency on mains too high,,Grid - External Unplanned outage,<undefined>
LLY_WTG21,20-Dec-2018 14:24:36,20-Dec-2018 14:25:50,00:01:14,warning,50001,No communication  ,,<undefined>,<undefined>
LLY_WTG21,21-Dec-2018 11:30:31,21-Dec-2018 11:31:06,00:00:35,warning,50001,No communication  ,,<undefined>,<undefined>
LLY_WTG21,21-Dec-2018 12:01:43,21-Dec-2018 12:03:33,00:01:50,warning,50001,No communication  ,,<undefined>,<undefined>
LLY_WTG21,22-Dec-2018 03:09:41,22-Dec-2018 03:47:03,00:37:22,stop,23,Low Noise Stop Level 3,,Normal Operation,<undefined>
LLY_WTG21,04-Jan-2019 10:35:48,04-Jan-2019 14:27:43,03:51:55,stop,22,Remote manual stop,Remote stop for isolation of T26 Transformer,HV - Internal Unplanned outage,<undefined>
LLY_WTG21,04-Jan-2019 11:16:38,04-Jan-2019 14:18:47,03:02:09,warning,50001,No communication  ,,<undefined>,<undefined>
LLY_WTG21,08-Jan-2019 11:51:50,08-Jan-2019 12:48:28,00:56:38,warning,50001,No communication  ,,<undefined>,<undefined>
LLY_WTG21,09-Jan-2019 09:17:46,09-Jan-2019 13:40:29,04:22:43,stop,22,Remote manual stop,Stopped for TX Replacement on T26,HV - Internal Unplanned outage,<undefined>
LLY_WTG21,09-Jan-2019 10:31:56,09-Jan-2019 12:52:14,02:20:18,warning,50001,No communication  ,,<undefined>,<undefined>
LLY_WTG21,10-Jan-2019 08:32:50,10-Jan-2019 08:45:13,00:12:23,stop,94,Stopped untwisting cables,,Cable Unwind,<undefined>
LLY_WTG21,14-Jan-2019 11:41:39,14-Jan-2019 11:44:11,00:02:32,warning,50001,No communication  ,,<undefined>,<undefined>
LLY_WTG21,14-Jan-2019 23:15:28,14-Jan-2019 23:40:51,00:25:23,stop,52,Frequency on mains too high,,Grid - External Unplanned outage,<undefined>
LLY_WTG21,14-Jan-2019 23:17:15,14-Jan-2019 23:31:07,00:13:52,warning,50001,No communication  ,,<undefined>,<undefined>
LLY_WTG21,15-Jan-2019 12:30:46,15-Jan-2019 12:46:05,00:15:19,warning,50001,No communication  ,,<undefined>,<undefined>
LLY_WTG21,15-Jan-2019 12:58:24,15-Jan-2019 13:00:12,00:01:48,warning,50001,No communication  ,,<undefined>,<undefined>
LLY_WTG21,19-Jan-2019 22:34:07,19-Jan-2019 22:59:29,00:25:22,stop,51,Low lower voltage exceeded,,Grid - External Unplanned outage,<undefined>
LLY_WTG21,21-Jan-2019 11:34:42,21-Jan-2019 15:00:40,03:25:58,stop,2,Motor Superheated,,Unscheduled Maintenance - Electrical System,<undefined>
LLY_WTG21,21-Jan-2019 11:39:20,21-Jan-2019 13:11:12,01:31:52,warning,50001,No communication  ,,<undefined>,<undefined>
LLY_WTG21,21-Jan-2019 13:39:42,21-Jan-2019 15:00:27,01:20:45,warning,50001,No communication  ,,<undefined>,<undefined>
LLY_WTG21,26-Jan-2019 01:21:17,26-Jan-2019 01:31:17,00:10:00,stop,52,Frequency on mains too high,,Unscheduled Maintenance - Electrical System,<undefined>
LLY_WTG21,28-Jan-2019 10:59:36,28-Jan-2019 11:01:26,00:01:50,warning,50001,No communication  ,,<undefined>,<undefined>
LLY_WTG21,28-Jan-2019 13:56:43,29-Jan-2019 08:35:15,18:38:32,warning,50001,No communication  ,,<undefined>,<undefined>
LLY_WTG21,29-Jan-2019 08:37:18,29-Jan-2019 09:17:31,00:40:13,warning,50001,No communication  ,,<undefined>,<undefined>
LLY_WTG21,30-Jan-2019 01:51:58,30-Jan-2019 02:01:58,00:10:00,stop,52,Frequency on mains too high,,Unscheduled Maintenance - Electrical System,<undefined>
LLY_WTG21,30-Jan-2019 09:55:22,30-Jan-2019 10:05:22,00:10:00,stop,52,Frequency on mains too high,,Unscheduled Maintenance - Electrical System,<undefined>
LLY_WTG21,31-Jan-2019 14:02:09,31-Jan-2019 14:02:42,00:00:33,warning,50001,No communication  ,,<undefined>,<undefined>
LLY_WTG21,04-Feb-2019 10:08:31,04-Feb-2019 10:29:51,00:21:20,warning,50001,No communication  ,,<undefined>,<undefined>
LLY_WTG21,04-Feb-2019 10:58:15,04-Feb-2019 11:06:22,00:08:07,warning,50001,No communication  ,,<undefined>,<undefined>
LLY_WTG21,04-Feb-2019 11:29:24,04-Feb-2019 11:53:33,00:24:09,warning,50001,No communication  ,,<undefined>,<undefined>
LLY_WTG21,05-Feb-2019 13:52:24,05-Feb-2019 13:54:18,00:01:54,warning,50001,No communication  ,,<undefined>,<undefined>
LLY_WTG21,07-Feb-2019 11:25:18,07-Feb-2019 12:42:32,01:17:14,warning,50001,No communication  ,,<undefined>,<undefined>
LLY_WTG21,08-Feb-2019 13:27:45,08-Feb-2019 16:38:49,03:11:04,warning,50001,No communication  ,,<undefined>,<undefined>
LLY_WTG21,13-Feb-2019 11:04:57,13-Feb-2019 12:06:11,01:01:14,warning,50001,No communication  ,,<undefined>,<undefined>
LLY_WTG21,15-Feb-2019 03:51:00,15-Feb-2019 05:44:02,01:53:02,stop,23,Low Noise Stop Level 3,,Normal Operation,<undefined>
LLY_WTG21,15-Feb-2019 14:18:08,15-Feb-2019 18:37:16,04:19:08,warning,50001,No communication  ,,<undefined>,<undefined>
LLY_WTG21,15-Feb-2019 19:16:37,15-Feb-2019 19:27:19,00:10:42,warning,50001,No communication  ,,<undefined>,<undefined>
LLY_WTG21,16-Feb-2019 13:31:38,16-Feb-2019 14:03:18,00:31:40,warning,50001,No communication  ,,<undefined>,<undefined>
LLY_WTG21,16-Feb-2019 14:20:35,16-Feb-2019 14:24:52,00:04:17,warning,50001,No communication  ,,<undefined>,<undefined>
LLY_WTG21,16-Feb-2019 14:20:38,16-Feb-2019 14:20:43,00:00:05,stop,21,Manual stop,,Unscheduled Maintenance - Electrical System,<undefined>
LLY_WTG21,16-Feb-2019 14:42:05,16-Feb-2019 15:59:04,01:16:59,warning,50001,No communication  ,,<undefined>,<undefined>
LLY_WTG21,17-Feb-2019 13:42:35,17-Feb-2019 15:12:55,01:30:20,warning,50001,No communication  ,,<undefined>,<undefined>
LLY_WTG21,21-Feb-2019 15:46:31,21-Feb-2019 17:49:09,02:02:38,warning,50001,No communication  ,,<undefined>,<undefined>
LLY_WTG21,22-Feb-2019 12:38:14,22-Feb-2019 18:26:40,05:48:26,warning,50001,No communication  ,,<undefined>,<undefined>
LLY_WTG21,23-Feb-2019 10:53:52,23-Feb-2019 15:27:04,04:33:12,warning,50001,No communication  ,,<undefined>,<undefined>
LLY_WTG21,24-Feb-2019 13:44:44,24-Feb-2019 18:00:28,04:15:44,warning,50001,No communication  ,,<undefined>,<undefined>
LLY_WTG21,25-Feb-2019 06:50:33,25-Feb-2019 07:00:33,00:10:00,stop,52,Frequency on mains too high,,Unscheduled Maintenance - Electrical System,<undefined>
LLY_WTG21,25-Feb-2019 07:19:44,25-Feb-2019 07:29:44,00:10:00,stop,52,Frequency on mains too high,,Unscheduled Maintenance - Electrical System,<undefined>
LLY_WTG21,25-Feb-2019 13:38:41,25-Feb-2019 18:29:28,04:50:47,warning,50001,No communication  ,,<undefined>,<undefined>
LLY_WTG21,26-Feb-2019 12:29:25,26-Feb-2019 13:22:14,00:52:49,warning,50001,No communication  ,,<undefined>,<undefined>
LLY_WTG21,26-Feb-2019 13:38:07,26-Feb-2019 15:01:17,01:23:10,warning,50001,No communication  ,,<undefined>,<undefined>
LLY_WTG21,26-Feb-2019 14:40:00,26-Feb-2019 19:33:32,04:53:32,communication,9997,Data communication unavailable,,<undefined>,Information Unavailable
LLY_WTG21,26-Feb-2019 15:03:21,26-Feb-2019 15:10:17,00:06:56,warning,50001,No communication  ,,<undefined>,<undefined>
LLY_WTG21,26-Feb-2019 15:12:20,26-Feb-2019 19:32:23,04:20:03,warning,50001,No communication  ,,<undefined>,<undefined>
LLY_WTG21,27-Feb-2019 10:49:50,27-Feb-2019 10:50:59,00:01:09,warning,50001,No communication  ,,<undefined>,<undefined>
LLY_WTG21,27-Feb-2019 10:58:38,27-Feb-2019 10:59:10,00:00:32,warning,50001,No communication  ,,<undefined>,<undefined>
LLY_WTG21,27-Feb-2019 11:06:25,27-Feb-2019 11:08:10,00:01:45,warning,50001,No communication  ,,<undefined>,<undefined>
LLY_WTG21,27-Feb-2019 13:09:34,27-Feb-2019 13:10:38,00:01:04,warning,50001,No communication  ,,<undefined>,<undefined>
LLY_WTG21,27-Feb-2019 13:29:41,27-Feb-2019 13:30:34,00:00:53,warning,50001,No communication  ,,<undefined>,<undefined>
LLY_WTG21,27-Feb-2019 13:36:12,27-Feb-2019 13:37:41,00:01:29,warning,50001,No communication  ,,<undefined>,<undefined>
LLY_WTG21,27-Feb-2019 13:39:47,27-Feb-2019 13:40:22,00:00:35,warning,50001,No communication  ,,<undefined>,<undefined>
LLY_WTG21,27-Feb-2019 13:53:04,27-Feb-2019 13:53:44,00:00:40,warning,50001,No communication  ,,<undefined>,<undefined>
LLY_WTG21,27-Feb-2019 14:03:21,27-Feb-2019 14:04:15,00:00:54,warning,50001,No communication  ,,<undefined>,<undefined>
LLY_WTG21,27-Feb-2019 14:10:38,27-Feb-2019 14:11:10,00:00:32,warning,50001,No communication  ,,<undefined>,<undefined>
LLY_WTG21,27-Feb-2019 14:31:03,27-Feb-2019 14:33:57,00:02:54,warning,50001,No communication  ,,<undefined>,<undefined>
LLY_WTG21,27-Feb-2019 15:19:52,27-Feb-2019 15:43:59,00:24:07,warning,50001,No communication  ,,<undefined>,<undefined>
LLY_WTG21,27-Feb-2019 15:46:02,27-Feb-2019 16:01:30,00:15:28,warning,50001,No communication  ,,<undefined>,<undefined>
LLY_WTG21,27-Feb-2019 16:24:41,27-Feb-2019 16:45:58,00:21:17,warning,50001,No communication  ,,<undefined>,<undefined>
LLY_WTG21,06-Mar-2019 09:55:19,06-Mar-2019 14:18:49,04:23:30,warning,50001,No communication  ,,<undefined>,<undefined>
LLY_WTG21,07-Mar-2019 09:44:37,07-Mar-2019 09:49:28,00:04:51,warning,50001,No communication  ,,<undefined>,<undefined>
LLY_WTG21,09-Mar-2019 11:24:01,09-Mar-2019 11:39:42,00:15:41,warning,50001,No communication  ,,<undefined>,<undefined>
LLY_WTG21,11-Mar-2019 10:27:41,11-Mar-2019 10:58:08,00:30:27,warning,50001,No communication  ,,<undefined>,<undefined>
LLY_WTG21,12-Mar-2019 10:53:58,12-Mar-2019 10:58:56,00:04:58,warning,50001,No communication  ,,<undefined>,<undefined>
LLY_WTG21,19-Mar-2019 09:55:53,19-Mar-2019 15:28:42,05:32:49,stop,22,Remote manual stop,Transformer Inspections,HV - Internal Inspection,<undefined>
LLY_WTG21,19-Mar-2019 10:03:10,19-Mar-2019 14:56:12,04:53:02,warning,50001,No communication  ,Transformer Inspections,HV - Internal Inspection,<undefined>
LLY_WTG21,20-Mar-2019 12:52:37,20-Mar-2019 16:03:53,03:11:16,stop,22,Remote manual stop,Topping up transformer oil,HV - Internal Planned outage,<undefined>
LLY_WTG21,20-Mar-2019 12:58:16,20-Mar-2019 15:54:34,02:56:18,warning,50001,No communication  ,,<undefined>,<undefined>
LLY_WTG21,26-Mar-2019 13:23:31,26-Mar-2019 13:24:08,00:00:37,warning,50001,No communication  ,,<undefined>,<undefined>
LLY_WTG21,27-Mar-2019 10:45:25,27-Mar-2019 10:52:04,00:06:39,warning,50001,No communication  ,,<undefined>,<undefined>
LLY_WTG21,27-Mar-2019 12:51:24,27-Mar-2019 14:25:27,01:34:03,warning,50001,No communication  ,,<undefined>,<undefined>
LLY_WTG21,27-Mar-2019 14:33:16,27-Mar-2019 14:33:57,00:00:41,warning,50001,No communication  ,,<undefined>,<undefined>
LLY_WTG21,05-Apr-2019 08:57:46,05-Apr-2019 09:44:28,00:46:42,warning,50001,No communication  ,,<undefined>,<undefined>
LLY_WTG21,07-Apr-2019 16:51:38,07-Apr-2019 17:01:38,00:10:00,stop,52,Frequency on mains too high,,Unscheduled Maintenance - Electrical System,<undefined>
LLY_WTG21,08-Apr-2019 21:51:57,08-Apr-2019 22:12:22,00:20:25,stop,23,Low Noise Stop Level 3,,Normal Operation,<undefined>
LLY_WTG21,09-Apr-2019 13:11:34,09-Apr-2019 13:21:56,00:10:22,warning,50001,No communication  ,,<undefined>,<undefined>
LLY_WTG21,09-Apr-2019 13:31:14,09-Apr-2019 13:42:31,00:11:17,warning,50001,No communication  ,,<undefined>,<undefined>
LLY_WTG21,09-Apr-2019 13:49:18,09-Apr-2019 13:49:48,00:00:30,warning,50001,No communication  ,,<undefined>,<undefined>
LLY_WTG21,09-Apr-2019 14:02:15,09-Apr-2019 14:02:50,00:00:35,warning,50001,No communication  ,,<undefined>,<undefined>
LLY_WTG21,11-Apr-2019 07:20:00,11-Apr-2019 09:09:19,01:49:19,communication,9997,Data communication unavailable,,<undefined>,Information Unavailable
LLY_WTG21,12-Apr-2019 10:24:05,12-Apr-2019 10:34:05,00:10:00,stop,52,Frequency on mains too high,,Unscheduled Maintenance - Electrical System,<undefined>
LLY_WTG21,28-Apr-2019 06:20:00,30-Apr-2019 09:59:27,51:39:27,communication,9997,Data communication unavailable,site trip-Mark Jones from SSEC to attend at 1530 hrs 28/04,<undefined>,Information Unavailable
LLY_WTG21,28-Apr-2019 06:41:54,28-Apr-2019 15:07:24,08:25:30,warning,50001,No communication  ,,<undefined>,<undefined>
LLY_WTG21,28-Apr-2019 07:20:05,30-Apr-2019 10:58:53,51:38:48,stop,52,Frequency on mains too high,,HV - Internal Unplanned outage,<undefined>
LLY_WTG21,28-Apr-2019 15:09:30,28-Apr-2019 19:50:11,04:40:41,warning,50001,No communication  ,,<undefined>,<undefined>
LLY_WTG21,28-Apr-2019 19:52:18,30-Apr-2019 10:09:02,38:16:44,warning,50001,No communication  ,,<undefined>,<undefined>
LLY_WTG21,01-May-2019 03:20:00,01-May-2019 05:59:28,02:39:28,communication,9997,Data communication unavailable,,<undefined>,Information Unavailable
LLY_WTG21,01-May-2019 05:50:00,01-May-2019 08:29:28,02:39:28,communication,9997,Data communication unavailable,,<undefined>,Information Unavailable
LLY_WTG21,01-May-2019 08:50:00,01-May-2019 11:29:28,02:39:28,communication,9997,Data communication unavailable,,<undefined>,Information Unavailable
LLY_WTG21,01-May-2019 11:20:00,01-May-2019 13:59:28,02:39:28,communication,9997,Data communication unavailable,,<undefined>,Information Unavailable
LLY_WTG21,01-May-2019 14:20:00,01-May-2019 16:59:28,02:39:28,communication,9997,Data communication unavailable,,<undefined>,Information Unavailable
LLY_WTG21,01-May-2019 16:50:00,01-May-2019 19:29:28,02:39:28,communication,9997,Data communication unavailable,,<undefined>,Information Unavailable
LLY_WTG21,01-May-2019 19:50:00,01-May-2019 22:29:28,02:39:28,communication,9997,Data communication unavailable,,<undefined>,Information Unavailable
LLY_WTG21,01-May-2019 22:20:00,02-May-2019 00:59:29,02:39:29,communication,9997,Data communication unavailable,,<undefined>,Information Unavailable
LLY_WTG21,02-May-2019 01:20:00,02-May-2019 03:59:29,02:39:29,communication,9997,Data communication unavailable,,<undefined>,Information Unavailable
LLY_WTG21,02-May-2019 03:50:00,02-May-2019 06:29:29,02:39:29,communication,9997,Data communication unavailable,,<undefined>,Information Unavailable
LLY_WTG21,02-May-2019 14:00:00,02-May-2019 15:49:29,01:49:29,communication,9997,Data communication unavailable,,<undefined>,Information Unavailable
LLY_WTG21,10-May-2019 13:49:21,10-May-2019 14:02:10,00:12:49,stop,94,Stopped untwisting cables,,Cable Unwind,<undefined>
LLY_WTG21,10-May-2019 18:18:53,10-May-2019 18:28:53,00:10:00,stop,52,Frequency on mains too high,,Unscheduled Maintenance - Electrical System,<undefined>
LLY_WTG21,15-May-2019 09:20:11,15-May-2019 09:32:30,00:12:19,stop,94,Stopped untwisting cables,,Cable Unwind,<undefined>
LLY_WTG21,16-May-2019 10:23:01,16-May-2019 10:34:35,00:11:34,warning,50001,No communication  ,,<undefined>,<undefined>
LLY_WTG21,23-May-2019 14:41:16,23-May-2019 14:41:38,00:00:22,stop,21,Manual stop,blade inspections using drones,Owner - Inspection,<undefined>
LLY_WTG21,23-May-2019 14:43:40,23-May-2019 14:56:44,00:13:04,stop,92,Emergency switch activated,blade inspections using drones,Owner - Inspection,<undefined>
LLY_WTG21,25-May-2019 09:48:48,25-May-2019 10:01:06,00:12:18,stop,94,Stopped untwisting cables,,Cable Unwind,<undefined>
LLY_WTG21,28-May-2019 20:29:39,28-May-2019 20:54:58,00:25:19,stop,53,Frequency on mains too low,Grid outage,Grid - External Unplanned outage,<undefined>
LLY_WTG21,04-Jun-2019 10:49:43,04-Jun-2019 13:19:47,02:30:04,warning,50001,No communication  ,,<undefined>,<undefined>
LLY_WTG21,04-Jun-2019 13:24:22,04-Jun-2019 13:59:38,00:35:16,warning,50001,No communication  ,,<undefined>,<undefined>
LLY_WTG21,04-Jun-2019 17:03:41,06-Jun-2019 09:49:55,40:46:14,warning,50001,No communication  ,,<undefined>,<undefined>
LLY_WTG21,06-Jun-2019 14:10:00,07-Jun-2019 12:20:34,22:10:34,communication,9997,Data communication unavailable,,<undefined>,Information Unavailable
LLY_WTG21,11-Jun-2019 09:43:11,11-Jun-2019 09:52:56,00:09:45,warning,50001,No communication  ,,<undefined>,<undefined>
LLY_WTG21,17-Jun-2019 10:11:46,17-Jun-2019 10:13:44,00:01:58,warning,50001,No communication  ,,<undefined>,<undefined>
LLY_WTG21,17-Jun-2019 11:11:46,17-Jun-2019 11:13:44,00:01:58,warning,50001,No communication  ,,<undefined>,<undefined>
LLY_WTG21,20-Jun-2019 07:59:13,20-Jun-2019 13:53:55,05:54:42,stop,22,Remote manual stop,Internal planned outage for T07 transformer replacement works,HV - Internal Planned outage,<undefined>
LLY_WTG21,20-Jun-2019 08:12:34,20-Jun-2019 13:48:54,05:36:20,warning,50001,No communication  ,,<undefined>,<undefined>
LLY_WTG21,23-Jun-2019 18:06:12,23-Jun-2019 18:18:00,00:11:48,warning,50001,No communication  ,,<undefined>,<undefined>
LLY_WTG21,23-Jun-2019 18:17:26,23-Jun-2019 18:42:48,00:25:22,stop,51,Low lower voltage exceeded,Suspected grid outage,Grid - External Unplanned outage,<undefined>
LLY_WTG21,25-Jun-2019 18:17:23,25-Jun-2019 18:42:44,00:25:21,stop,51,Low lower voltage exceeded,suspected grid outage,Grid - External Unplanned outage,<undefined>
LLY_WTG21,25-Jun-2019 18:19:10,25-Jun-2019 18:33:26,00:14:16,warning,50001,No communication  ,,<undefined>,<undefined>
LLY_WTG21,04-Jul-2019 11:53:41,04-Jul-2019 12:03:41,00:10:00,stop,52,Frequency on mains too high,,Unscheduled Maintenance - Electrical System,<undefined>
LLY_WTG21,11-Jul-2019 21:50:00,12-Jul-2019 06:18:47,08:28:47,communication,9997,Data communication unavailable,,<undefined>,Information Unavailable
LLY_WTG21,14-Jul-2019 12:42:40,14-Jul-2019 12:55:30,00:12:50,stop,94,Stopped untwisting cables,,Cable Unwind,<undefined>
LLY_WTG21,23-Jul-2019 05:40:00,24-Jul-2019 15:29:23,33:49:23,communication,9997,Data communication unavailable,,<undefined>,Information Unavailable
LLY_WTG21,23-Jul-2019 05:49:20,24-Jul-2019 15:26:18,33:36:58,warning,50001,No communication  ,,<undefined>,<undefined>
LLY_WTG21,23-Jul-2019 06:03:39,24-Jul-2019 16:41:02,34:37:23,stop,52,Frequency on mains too high,Suspected transformer failure on T05,HV - Internal Planned outage,<undefined>
LLY_WTG21,24-Jul-2019 15:31:53,24-Jul-2019 16:18:03,00:46:10,warning,50001,No communication  ,,<undefined>,<undefined>
LLY_WTG21,24-Jul-2019 17:31:48,24-Jul-2019 18:28:57,00:57:09,stop,22,Remote manual stop,T32 Transformer failure. Replacement to be arranged.,HV - Internal Planned outage,<undefined>
LLY_WTG21,24-Jul-2019 17:37:57,24-Jul-2019 18:21:16,00:43:19,warning,50001,No communication  ,,<undefined>,<undefined>
LLY_WTG21,25-Jul-2019 08:19:24,25-Jul-2019 12:10:57,03:51:33,stop,21,Manual stop,Semi Annual Service,Scheduled Maintenance - Servicing (major and minor),<undefined>
LLY_WTG21,25-Jul-2019 08:22:13,25-Jul-2019 13:50:58,05:28:45,warning,50001,No communication  ,,<undefined>,<undefined>
LLY_WTG21,25-Jul-2019 12:12:00,25-Jul-2019 12:23:16,00:11:16,stop,92,Emergency switch activated,Servicing,Scheduled Maintenance - Servicing (major and minor),<undefined>
LLY_WTG21,25-Jul-2019 12:27:43,25-Jul-2019 13:36:09,01:08:26,stop,21,Manual stop,Servicing,Scheduled Maintenance - Servicing (major and minor),<undefined>
LLY_WTG21,30-Jul-2019 15:54:23,30-Jul-2019 16:06:19,00:11:56,warning,50001,No communication  ,,<undefined>,<undefined>
LLY_WTG21,30-Jul-2019 15:59:06,30-Jul-2019 16:24:24,00:25:18,stop,52,Frequency on mains too high,,Grid - External Unplanned outage,<undefined>
LLY_WTG21,31-Jul-2019 13:54:11,31-Jul-2019 14:07:47,00:13:36,warning,50001,No communication  ,,<undefined>,<undefined>
LLY_WTG21,11-Aug-2019 04:09:33,11-Aug-2019 04:22:22,00:12:49,stop,94,Stopped untwisting cables,,Cable Unwind,<undefined>
LLY_WTG21,13-Aug-2019 10:44:53,13-Aug-2019 14:42:10,03:57:17,stop,22,Remote manual stop,Switching for T32 transformer replacement. ,HV - Internal Planned outage,<undefined>
LLY_WTG21,13-Aug-2019 11:09:45,13-Aug-2019 14:22:35,03:12:50,warning,50001,No communication  ,,<undefined>,<undefined>
LLY_WTG21,14-Aug-2019 13:20:49,14-Aug-2019 13:54:07,00:33:18,stop,21,Manual stop,Stat inspections,Owner - Statutory inspections,<undefined>
LLY_WTG21,14-Aug-2019 13:23:20,14-Aug-2019 13:55:33,00:32:13,warning,50001,No communication  ,,<undefined>,<undefined>
LLY_WTG21,16-Aug-2019 12:38:05,16-Aug-2019 13:13:26,00:35:21,warning,50001,No communication  ,,<undefined>,<undefined>
LLY_WTG21,30-Aug-2019 14:36:08,30-Aug-2019 15:01:30,00:25:22,stop,52,Frequency on mains too high,NG Outage - Unplanned,Grid - External Unplanned outage,<undefined>
LLY_WTG21,30-Aug-2019 14:46:34,30-Aug-2019 14:51:40,00:05:06,warning,50001,No communication  ,,<undefined>,<undefined>
LLY_WTG21,03-Sep-2019 08:40:38,03-Sep-2019 15:01:25,06:20:47,stop,22,Remote manual stop,HV works for oil sampling works,HV - Internal Planned outage,<undefined>
LLY_WTG21,03-Sep-2019 09:05:24,03-Sep-2019 14:59:27,05:54:03,warning,50001,No communication  ,,<undefined>,<undefined>
LLY_WTG21,05-Sep-2019 04:58:20,05-Sep-2019 05:08:20,00:10:00,stop,52,Frequency on mains too high,,Unscheduled Maintenance - Electrical System,<undefined>
LLY_WTG21,09-Sep-2019 18:06:06,10-Sep-2019 09:07:32,15:01:26,stop,11,RPM Rotor Max limit exceeded,Escalated to DWT 10/09,Unscheduled Maintenance - Rotor or Blades,<undefined>
LLY_WTG21,10-Sep-2019 09:09:30,10-Sep-2019 10:00:36,00:51:06,warning,50001,No communication  ,,<undefined>,<undefined>
LLY_WTG21,15-Sep-2019 10:47:02,15-Sep-2019 11:05:56,00:18:54,stop,94,Stopped untwisting cables,,Cable Unwind,<undefined>
LLY_WTG21,16-Sep-2019 12:41:20,16-Sep-2019 13:05:39,00:24:19,warning,50001,No communication  ,,<undefined>,<undefined>
LLY_WTG21,16-Sep-2019 13:13:46,16-Sep-2019 13:20:06,00:06:20,warning,50001,No communication  ,,<undefined>,<undefined>
LLY_WTG21,24-Sep-2019 08:15:14,24-Sep-2019 14:25:03,06:09:49,stop,22,Remote manual stop,T16 Transformer exchange,Major Component - Owner - Turbine Transformer,<undefined>
LLY_WTG21,24-Sep-2019 11:11:58,24-Sep-2019 14:23:37,03:11:39,warning,50001,No communication  ,,<undefined>,<undefined>
LLY_WTG21,30-Sep-2019 09:08:21,30-Sep-2019 10:28:10,01:19:49,warning,50001,No communication  ,,<undefined>,<undefined>
LLY_WTG21,30-Sep-2019 10:40:49,30-Sep-2019 10:59:46,00:18:57,warning,50001,No communication  ,,<undefined>,<undefined>
LLY_WTG21,01-Oct-2019 08:54:27,01-Oct-2019 08:56:36,00:02:09,warning,50001,No communication  ,,<undefined>,<undefined>
LLY_WTG21,01-Oct-2019 09:56:35,01-Oct-2019 11:40:20,01:43:45,warning,50001,No communication  ,,<undefined>,<undefined>
LLY_WTG21,02-Oct-2019 08:32:02,02-Oct-2019 10:47:03,02:15:01,warning,50001,No communication  ,,<undefined>,<undefined>
LLY_WTG21,03-Oct-2019 12:32:22,03-Oct-2019 12:33:19,00:00:57,warning,50001,No communication  ,,<undefined>,<undefined>
LLY_WTG21,16-Oct-2019 08:06:37,16-Oct-2019 08:16:37,00:10:00,stop,52,Frequency on mains too high,,Unscheduled Maintenance - Electrical System,<undefined>
LLY_WTG21,17-Oct-2019 09:29:58,17-Oct-2019 12:43:10,03:13:12,warning,50001,No communication  ,,<undefined>,<undefined>
LLY_WTG21,08-Nov-2019 12:59:54,08-Nov-2019 13:11:30,00:11:36,warning,50001,No communication  ,,<undefined>,<undefined>
LLY_WTG21,08-Nov-2019 13:02:04,08-Nov-2019 13:27:31,00:25:27,stop,52,Frequency on mains too high,,Grid - External Unplanned outage,<undefined>
LLY_WTG21,12-Nov-2019 12:16:50,12-Nov-2019 14:12:28,01:55:38,stop,31,Gear oil cold or superheated,Escalated to DWT 12/11,Unscheduled Maintenance - Gearbox,<undefined>
LLY_WTG21,12-Nov-2019 14:11:46,12-Nov-2019 14:20:03,00:08:17,warning,50001,No communication  ,,<undefined>,<undefined>
LLY_WTG21,12-Nov-2019 14:20:03,18-Nov-2019 01:30:07,131:10:04,warning,50050,Transformer fault,,<undefined>,<undefined>
LLY_WTG21,14-Nov-2019 04:15:51,14-Nov-2019 13:33:40,09:17:49,stop,31,Gear oil cold or superheated,Escalated to DWT - 14/11,Unscheduled Maintenance - Gearbox,<undefined>
LLY_WTG21,14-Nov-2019 10:55:49,14-Nov-2019 15:31:38,04:35:49,warning,50001,No communication  ,,<undefined>,<undefined>
LLY_WTG21,14-Nov-2019 14:19:45,14-Nov-2019 14:20:15,00:00:30,stop,21,Manual stop,,Unscheduled Maintenance - Gearbox,<undefined>
LLY_WTG21,14-Nov-2019 14:21:20,14-Nov-2019 14:28:47,00:07:27,stop,21,Manual stop,,Unscheduled Maintenance - Gearbox,<undefined>
LLY_WTG21,18-Nov-2019 01:14:21,18-Nov-2019 01:39:47,00:25:26,stop,51,Low lower voltage exceeded,Suspected grid trip,Grid - External Unplanned outage,<undefined>
LLY_WTG21,18-Nov-2019 01:24:58,18-Nov-2019 01:30:07,00:05:09,warning,50001,No communication  ,,<undefined>,<undefined>
LLY_WTG21,18-Nov-2019 11:50:00,19-Nov-2019 13:55:12,26:05:12,communication,9997,Data communication unavailable,,<undefined>,Information Unavailable
LLY_WTG21,19-Nov-2019 06:40:32,19-Nov-2019 12:20:40,05:40:08,stop,30,Gear bearing superheated,,Unscheduled Maintenance - Gearbox,<undefined>
LLY_WTG21,19-Nov-2019 12:23:55,19-Nov-2019 12:52:56,00:29:01,warning,50001,No communication  ,,<undefined>,<undefined>
LLY_WTG21,19-Nov-2019 15:07:23,19-Nov-2019 16:28:36,01:21:13,stop,22,Remote manual stop,HV outage for Transformer Oil sampling,HV - Internal Planned outage,<undefined>
LLY_WTG21,19-Nov-2019 15:28:41,19-Nov-2019 16:18:24,00:49:43,warning,50001,No communication  ,,<undefined>,<undefined>
LLY_WTG21,22-Nov-2019 05:20:00,22-Nov-2019 08:05:15,02:45:15,communication,9997,Data communication unavailable,,<undefined>,Information Unavailable
LLY_WTG21,26-Nov-2019 05:30:00,26-Nov-2019 07:36:53,02:06:53,communication,9997,Data communication unavailable,,<undefined>,Information Unavailable
LLY_WTG21,27-Nov-2019 13:20:00,28-Nov-2019 11:36:55,22:16:55,communication,9997,Data communication unavailable,,<undefined>,Information Unavailable
LLY_WTG21,10-Dec-2019 04:40:59,11-Dec-2019 07:18:00,26:37:01,stop,31,Gear oil cold or superheated,Techs attended 10/12. Turbine reset but DWT keeping offline to allow gearbox to cool down. To be restarted 00:00 11/12,Unscheduled Maintenance - Gearbox,<undefined>
LLY_WTG21,12-Dec-2019 13:39:15,12-Dec-2019 14:24:59,00:45:44,warning,50001,No communication  ,,<undefined>,<undefined>
LLY_WTG21,13-Dec-2019 05:55:24,13-Dec-2019 15:10:43,09:15:19,stop,31,Gear oil cold or superheated,Escalated to DWT 13/12. This has been reset by Jonathon remotely. TIR. ,Unscheduled Maintenance - Gearbox,<undefined>
LLY_WTG21,13-Dec-2019 18:30:53,14-Dec-2019 13:38:48,19:07:55,stop,31,Gear oil cold or superheated,Escalated to DWT 13/12,Unscheduled Maintenance - Gearbox,<undefined>
LLY_WTG21,14-Dec-2019 15:37:29,15-Dec-2019 12:36:05,20:58:36,stop,31,Gear oil cold or superheated,Escalated to DWT 14/12,Unscheduled Maintenance - Gearbox,<undefined>
LLY_WTG21,14-Dec-2019 23:33:33,14-Dec-2019 23:45:28,00:11:55,warning,50001,No communication  ,,<undefined>,<undefined>
LLY_WTG21,15-Dec-2019 18:27:17,15-Dec-2019 18:52:44,00:25:27,stop,52,Frequency on mains too high,Grid Outage,Grid - External Unplanned outage,<undefined>
LLY_WTG21,15-Dec-2019 18:31:02,15-Dec-2019 18:42:39,00:11:37,warning,50001,No communication  ,,<undefined>,<undefined>
LLY_WTG21,16-Dec-2019 01:43:53,16-Dec-2019 16:46:22,15:02:29,stop,31,Gear oil cold or superheated,Escalated to DWT by Natural Power,Unscheduled Maintenance - Gearbox,<undefined>
LLY_WTG21,16-Dec-2019 12:06:24,16-Dec-2019 12:08:25,00:02:01,warning,50001,No communication  ,,<undefined>,<undefined>
LLY_WTG21,16-Dec-2019 12:11:01,16-Dec-2019 17:04:22,04:53:21,warning,50001,No communication  ,,<undefined>,<undefined>
LLY_WTG21,16-Dec-2019 16:50:46,16-Dec-2019 17:02:30,00:11:44,stop,21,Manual stop,Gear oil cold or superheated,Unscheduled Maintenance - Gearbox,<undefined>
LLY_WTG21,23-Dec-2019 01:20:00,23-Dec-2019 03:10:44,01:50:44,communication,9997,Data communication unavailable,,<undefined>,Information Unavailable
LLY_WTG21,29-Dec-2019 18:18:12,29-Dec-2019 18:39:59,00:21:47,stop,52,Frequency on mains too high,Suspected grid trip,Grid - External Unplanned outage,<undefined>
LLY_WTG21,29-Dec-2019 18:18:59,29-Dec-2019 18:30:31,00:11:32,warning,50001,No communication  ,,<undefined>,<undefined>
